-- MySQL dump 10.13  Distrib 8.0.34, for macos13 (x86_64)
--
-- Host: localhost    Database: full-stack-ecommerce
-- ------------------------------------------------------
-- Server version	8.2.0

/*!40101 SET @OLD_CHARACTER_SET_CLIENT=@@CHARACTER_SET_CLIENT */;
/*!40101 SET @OLD_CHARACTER_SET_RESULTS=@@CHARACTER_SET_RESULTS */;
/*!40101 SET @OLD_COLLATION_CONNECTION=@@COLLATION_CONNECTION */;
/*!50503 SET NAMES utf8 */;
/*!40103 SET @OLD_TIME_ZONE=@@TIME_ZONE */;
/*!40103 SET TIME_ZONE='+00:00' */;
/*!40014 SET @OLD_UNIQUE_CHECKS=@@UNIQUE_CHECKS, UNIQUE_CHECKS=0 */;
/*!40014 SET @OLD_FOREIGN_KEY_CHECKS=@@FOREIGN_KEY_CHECKS, FOREIGN_KEY_CHECKS=0 */;
/*!40101 SET @OLD_SQL_MODE=@@SQL_MODE, SQL_MODE='NO_AUTO_VALUE_ON_ZERO' */;
/*!40111 SET @OLD_SQL_NOTES=@@SQL_NOTES, SQL_NOTES=0 */;

--
-- Table structure for table `address`
--

DROP TABLE IF EXISTS `address`;
/*!40101 SET @saved_cs_client     = @@character_set_client */;
/*!50503 SET character_set_client = utf8mb4 */;
CREATE TABLE `address` (
  `id` bigint NOT NULL AUTO_INCREMENT,
  `city` varchar(255) DEFAULT NULL,
  `country` varchar(255) DEFAULT NULL,
  `state` varchar(255) DEFAULT NULL,
  `street` varchar(255) DEFAULT NULL,
  `zip_code` varchar(255) DEFAULT NULL,
  PRIMARY KEY (`id`)
) ENGINE=InnoDB AUTO_INCREMENT=77 DEFAULT CHARSET=utf8mb4 COLLATE=utf8mb4_0900_ai_ci;
/*!40101 SET character_set_client = @saved_cs_client */;

--
-- Dumping data for table `address`
--

LOCK TABLES `address` WRITE;
/*!40000 ALTER TABLE `address` DISABLE KEYS */;
INSERT INTO `address` VALUES (1,'afasa','Canada','Alberta','afasa','afasa'),(2,'afasa','Canada','Alberta','afasa','afasa'),(3,'afasa','Canada','Alberta','afasa','afasa'),(4,'afasa','Canada','Alberta','afasa','afasa'),(5,'afasa','Canada','Alberta','afasa','afasa'),(6,'afasa','Canada','Alberta','afasa','afasa'),(7,'afasa','Canada','Alberta','afasa','afasa'),(8,'afasa','Canada','Alberta','afasa','afasa'),(9,'afasa','Canada','Alberta','afasa','afasa'),(10,'afasa','Canada','Alberta','afasa','afasa'),(11,'afasa','Canada','Alberta','afasa','afasa'),(12,'afasa','Canada','Alberta','afasa','afasa'),(13,'afasa','Canada','Alberta','afasa','afasa'),(14,'afasa','Canada','Alberta','afasa','afasa'),(15,'Trier','Germany','Rhineland-Palatinate','Behringstraße, 16','54296'),(16,'Trier','Germany','Rhineland-Palatinate','Behringstraße, 16','54296'),(17,'Trier','Germany','Baden-Württemberg','Behringstraße, 16','54296'),(18,'Trier','Germany','Baden-Württemberg','Behringstraße, 16','54296'),(19,'Trier','Germany','Baden-Württemberg','Behringstraße, 16','54296'),(20,'Trier','Germany','Baden-Württemberg','Behringstraße, 16','54296'),(21,'Trier','Germany','Baden-Württemberg','Behringstraße, 16','54296'),(22,'Trier','Germany','Baden-Württemberg','Behringstraße, 16','54296'),(23,'Trier','Germany','Baden-Württemberg','Behringstraße, 16','54296'),(24,'Trier','Germany','Baden-Württemberg','Behringstraße, 16','54296'),(25,'Trier','Germany','Baden-Württemberg','Behringstraße, 16','54296'),(26,'Trier','Germany','Baden-Württemberg','Behringstraße, 16','54296'),(27,'Trier','Germany','Baden-Württemberg','Behringstraße, 16','54296'),(28,'Trier','Germany','Baden-Württemberg','Behringstraße, 16','54296'),(29,'Trier','Germany','Baden-Württemberg','Behringstraße, 16','54296'),(30,'Trier','Germany','Baden-Württemberg','Behringstraße, 16','54296'),(31,'Trier','Germany','Baden-Württemberg','Behringstraße, 16','54296'),(32,'Trier','Germany','Baden-Württemberg','Behringstraße, 16','54296'),(33,'Trier','Germany','Baden-Württemberg','Behringstraße, 16','54296'),(34,'Trier','Germany','Baden-Württemberg','Behringstraße, 16','54296'),(35,'Trier','Germany','Baden-Württemberg','Behringstraße, 16','54296'),(36,'Trier','Germany','Baden-Württemberg','Behringstraße, 16','54296'),(37,'saarbrücken','Germany','Baden-Württemberg','Behringstraße, 16','54296'),(38,'Trier','Germany','Baden-Württemberg','Behringstraße, 16','54296'),(39,'Trier','Germany','Baden-Württemberg','Behringstraße, 16','54296'),(40,'Trier','Germany','Baden-Württemberg','Behringstraße, 16','54296'),(41,'Trier','Germany','Rhineland-Palatinate','Behringstraße, 16','54296'),(42,'Trier','Germany','Rhineland-Palatinate','Behringstraße, 16','54296'),(43,'Trier','Germany','Baden-Württemberg','Behringstraße, 16','54296'),(44,'Trier','Germany','Baden-Württemberg','Behringstraße, 16','54296'),(45,'Trier','Germany','Baden-Württemberg','Behringstraße, 16','54296'),(46,'Trier','Morocco','Casablanca-Settat','Behringstraße, 16','54296'),(47,'Trier','Germany','Baden-Württemberg','Behringstraße, 16','54296'),(48,'Trier','Germany','Baden-Württemberg','Behringstraße, 16','54296'),(49,'Trier','Germany','Rhineland-Palatinate','Behringstraße, 16','54296'),(50,'Trier','Germany','Baden-Württemberg','Behringstraße, 16','54296'),(51,'Trier','Germany','Baden-Württemberg','Behringstraße, 16','54296'),(52,'Trier','Germany','Rhineland-Palatinate','Behringstraße, 16','54296'),(53,'Trier','Germany','Rhineland-Palatinate','Behringstraße, 16','54296'),(54,'Trier','Germany','Rhineland-Palatinate','Behringstraße, 16','54296'),(55,'Trier','Germany','Rhineland-Palatinate','Behringstraße, 16','54296'),(56,'Trier','Germany','Rhineland-Palatinate','Behringstraße, 16','54296'),(57,'Trier','Germany','Rhineland-Palatinate','Behringstraße, 16','54296'),(58,'Trier','Germany','Rhineland-Palatinate','Behringstraße, 16','54296'),(59,'Trier','Germany','Rhineland-Palatinate','Behringstraße, 16','54296'),(60,'Trier','Germany','Rhineland-Palatinate','Behringstraße, 16','54296'),(61,'Trier','Germany','Baden-Württemberg','Behringstraße, 16','54296'),(62,'Trier','Germany','Baden-Württemberg','Behringstraße, 16','54296'),(63,'Trier','Germany','Rhineland-Palatinate','Behringstraße, 16','54296'),(64,'Trier','Germany','Rhineland-Palatinate','Behringstraße, 16','54296'),(65,'Trier','Germany','Baden-Württemberg','Behringstraße, 16','54296'),(66,'Trier','Germany','Baden-Württemberg','Behringstraße, 16','54296'),(67,'Trier','Germany','Rhineland-Palatinate','Behringstraße, 16','54296'),(68,'Trier','Germany','Rhineland-Palatinate','Behringstraße, 16','54296'),(69,'Trier','Germany','Rhineland-Palatinate','Behringstraße, 16','54296'),(70,'Trier','Germany','Rhineland-Palatinate','Behringstraße, 16','54296'),(71,'Trier','Germany','North Rhine-Westphalia','Behringstraße, 16','54296'),(72,'Trier','Germany','North Rhine-Westphalia','Behringstraße, 16','54296'),(73,'Trier','Germany','Rhineland-Palatinate','Behringstraße, 16','54296'),(74,'Trier','Germany','Rhineland-Palatinate','Behringstraße, 16','54296'),(75,'Trier','Germany','Rhineland-Palatinate','Behringstraße, 16','54296'),(76,'Trier','Germany','Rhineland-Palatinate','Behringstraße, 16','54296');
/*!40000 ALTER TABLE `address` ENABLE KEYS */;
UNLOCK TABLES;

--
-- Table structure for table `country`
--

DROP TABLE IF EXISTS `country`;
/*!40101 SET @saved_cs_client     = @@character_set_client */;
/*!50503 SET character_set_client = utf8mb4 */;
CREATE TABLE `country` (
  `id` smallint unsigned NOT NULL,
  `code` varchar(2) DEFAULT NULL,
  `name` varchar(255) DEFAULT NULL,
  PRIMARY KEY (`id`)
) ENGINE=InnoDB DEFAULT CHARSET=utf8mb4 COLLATE=utf8mb4_0900_ai_ci;
/*!40101 SET character_set_client = @saved_cs_client */;

--
-- Dumping data for table `country`
--

LOCK TABLES `country` WRITE;
/*!40000 ALTER TABLE `country` DISABLE KEYS */;
INSERT INTO `country` VALUES (1,'BR','Brazil'),(2,'CA','Canada'),(3,'DE','Germany'),(4,'IN','India'),(5,'TR','Turkey'),(6,'US','United States'),(7,'MA','Morocco'),(8,'ES','Spain'),(9,'JP','Japan'),(10,'FR','France');
/*!40000 ALTER TABLE `country` ENABLE KEYS */;
UNLOCK TABLES;

--
-- Table structure for table `customer`
--

DROP TABLE IF EXISTS `customer`;
/*!40101 SET @saved_cs_client     = @@character_set_client */;
/*!50503 SET character_set_client = utf8mb4 */;
CREATE TABLE `customer` (
  `id` bigint NOT NULL AUTO_INCREMENT,
  `first_name` varchar(255) DEFAULT NULL,
  `last_name` varchar(255) DEFAULT NULL,
  `phone_number` varchar(20) DEFAULT NULL,
  `email` varchar(255) DEFAULT NULL,
  PRIMARY KEY (`id`),
  UNIQUE KEY `email` (`email`)
) ENGINE=InnoDB AUTO_INCREMENT=4 DEFAULT CHARSET=utf8mb4 COLLATE=utf8mb4_0900_ai_ci;
/*!40101 SET character_set_client = @saved_cs_client */;

--
-- Dumping data for table `customer`
--

LOCK TABLES `customer` WRITE;
/*!40000 ALTER TABLE `customer` DISABLE KEYS */;
INSERT INTO `customer` VALUES (1,'salih','mezraoui','+491782558631','salih.mezraoui@gmail.com'),(2,'moha','badaoui','+491782558631','moha.badaoui@gmail.com'),(3,'Mohammed Salih','MEZRAOUI','+491782558631','moha.mezraoui@gmail.com');
/*!40000 ALTER TABLE `customer` ENABLE KEYS */;
UNLOCK TABLES;

--
-- Table structure for table `order_item`
--

DROP TABLE IF EXISTS `order_item`;
/*!40101 SET @saved_cs_client     = @@character_set_client */;
/*!50503 SET character_set_client = utf8mb4 */;
CREATE TABLE `order_item` (
  `id` bigint NOT NULL AUTO_INCREMENT,
  `image_url` varchar(255) DEFAULT NULL,
  `quantity` int DEFAULT NULL,
  `unit_price` decimal(19,2) DEFAULT NULL,
  `order_id` bigint DEFAULT NULL,
  `product_id` bigint DEFAULT NULL,
  PRIMARY KEY (`id`),
  KEY `K_order_id` (`order_id`),
  KEY `FK_product_id` (`product_id`),
  CONSTRAINT `FK_order_id` FOREIGN KEY (`order_id`) REFERENCES `orders` (`id`),
  CONSTRAINT `FK_product_id` FOREIGN KEY (`product_id`) REFERENCES `product` (`id`)
) ENGINE=InnoDB AUTO_INCREMENT=61 DEFAULT CHARSET=utf8mb4 COLLATE=utf8mb4_0900_ai_ci;
/*!40101 SET character_set_client = @saved_cs_client */;

--
-- Dumping data for table `order_item`
--

LOCK TABLES `order_item` WRITE;
/*!40000 ALTER TABLE `order_item` DISABLE KEYS */;
INSERT INTO `order_item` VALUES (1,'assets/images/products/gymbottles/ShopNook_Bottle_2.png',1,17.99,1,51),(2,'assets/images/products/gymbottles/ShopNook_Bottle_2.png',1,18.99,1,26),(3,'assets/images/products/gymbottles/ShopNook_Bottle_2.png',1,18.99,2,26),(4,'assets/images/products/gymbottles/ShopNook_Bottle_2.png',1,17.99,2,51),(5,'assets/images/products/gymbottles/ShopNook_Bottle_2.png',1,17.99,3,51),(6,'assets/images/products/gymbottles/ShopNook_Bottle_2.png',1,18.99,3,26),(7,'assets/images/products/gymbottles/ShopNook_Bottle_2.png',1,18.99,4,26),(8,'assets/images/products/gymbottles/ShopNook_Bottle_2.png',1,17.99,4,51),(31,'assets/images/products/iphonecases/ShopNook_iphone_case_2.png',2,20.99,18,2),(32,'assets/images/products/iphonecases/ShopNook_iphone_case_4.png',1,13.99,19,4),(33,'assets/images/products/iphonecases/ShopNook_iphone_case_1.png',2,14.99,20,1),(34,'assets/images/products/purses/ShopNook_Purse_2.png',2,16.99,20,77),(35,'assets/images/products/purses/ShopNook_Purse_2.png',2,16.99,21,77),(36,'assets/images/products/purses/ShopNook_Purse_3.png',1,16.99,21,78),(37,'assets/images/products/purses/ShopNook_Purse_2.png',4,16.99,22,77),(38,'assets/images/products/iphonecases/ShopNook_iphone_case_2.png',4,20.99,23,2),(39,'assets/images/products/iphonecases/ShopNook_iphone_case_3.png',1,14.99,24,3),(40,'assets/images/products/purses/ShopNook_Purse_3.png',2,16.99,25,78),(41,'assets/images/products/iphonecases/ShopNook_iphone_case_4.png',1,13.99,26,4),(42,'assets/images/products/iphonecases/ShopNook_iphone_case_2.png',1,20.99,27,2),(43,'assets/images/products/iphonecases/ShopNook_iphone_case_6.png',1,23.99,28,6),(44,'assets/images/products/iphonecases/ShopNook_iphone_case_2.png',1,20.99,29,2),(45,'assets/images/products/iphonecases/ShopNook_iphone_case_2.png',4,20.99,30,2),(46,'assets/images/products/iphonecases/ShopNook_iphone_case_2.png',1,20.99,31,2),(47,'assets/images/products/iphonecases/ShopNook_iphone_case_2.png',3,20.99,32,2),(48,'assets/images/products/outdoor/Sleeping_Bag_B2.png',1,89.99,33,147),(49,'assets/images/products/accessories/Phone_Case_iPhone_13.png',1,19.99,33,113),(50,'assets/images/products/iphonecases/ShopNook_iphone_case_7.png',1,14.99,34,7),(51,'assets/images/products/iphonecases/ShopNook_iphone_case_1.png',2,14.99,35,1),(52,'assets/images/products/iphonecases/ShopNook_iphone_case_3.png',1,14.99,35,3),(53,'assets/images/products/iphonecases/ShopNook_iphone_case_1.png',1,14.99,36,1),(54,'assets/images/products/iphonecases/ShopNook_iphone_case_3.png',1,14.99,36,3),(55,'assets/images/products/fitness/Yoga_Mat_B2.png',2,39.99,36,155),(56,'assets/images/products/iphonecases/ShopNook_iphone_case_3.png',2,14.99,37,3),(57,'assets/images/products/iphonecases/ShopNook_iphone_case_1.png',2,14.99,37,1),(58,'assets/images/products/fitness/Dumbbell_Set_A1.png',1,149.99,37,154),(59,'assets/images/products/purses/ShopNook_Purse_4.png',3,16.99,38,79),(60,'assets/images/products/iphonecases/ShopNook_iphone_case_1.png',5,14.99,38,1);
/*!40000 ALTER TABLE `order_item` ENABLE KEYS */;
UNLOCK TABLES;

--
-- Table structure for table `orders`
--

DROP TABLE IF EXISTS `orders`;
/*!40101 SET @saved_cs_client     = @@character_set_client */;
/*!50503 SET character_set_client = utf8mb4 */;
CREATE TABLE `orders` (
  `id` bigint NOT NULL AUTO_INCREMENT,
  `order_tracking_number` varchar(255) DEFAULT NULL,
  `total_price` decimal(19,2) DEFAULT NULL,
  `total_quantity` int DEFAULT NULL,
  `billing_address_id` bigint DEFAULT NULL,
  `customer_id` bigint DEFAULT NULL,
  `shipping_address_id` bigint DEFAULT NULL,
  `status` varchar(128) DEFAULT NULL,
  `date_created` datetime(6) DEFAULT NULL,
  `last_updated` datetime(6) DEFAULT NULL,
  PRIMARY KEY (`id`),
  UNIQUE KEY `UK_billing_address_id` (`billing_address_id`),
  UNIQUE KEY `UK_shipping_address_id` (`shipping_address_id`),
  KEY `K_customer_id` (`customer_id`),
  CONSTRAINT `FK_billing_address_id` FOREIGN KEY (`billing_address_id`) REFERENCES `address` (`id`),
  CONSTRAINT `FK_customer_id` FOREIGN KEY (`customer_id`) REFERENCES `customer` (`id`),
  CONSTRAINT `FK_shipping_address_id` FOREIGN KEY (`shipping_address_id`) REFERENCES `address` (`id`)
) ENGINE=InnoDB AUTO_INCREMENT=39 DEFAULT CHARSET=utf8mb4 COLLATE=utf8mb4_0900_ai_ci;
/*!40101 SET character_set_client = @saved_cs_client */;

--
-- Dumping data for table `orders`
--

LOCK TABLES `orders` WRITE;
/*!40000 ALTER TABLE `orders` DISABLE KEYS */;
INSERT INTO `orders` VALUES (1,'4c3ac9f5-f6a3-425e-aa24-b6720f3804b4',36.98,2,2,1,1,NULL,'2024-08-01 20:35:29.738000','2024-08-01 20:35:29.738000'),(2,'5629bf87-296c-4bab-be2d-39d3728ae7eb',36.98,2,4,1,3,NULL,'2024-08-01 20:37:08.447000','2024-08-01 20:37:08.447000'),(3,'8dd963db-cb84-4f85-9e55-598f9ee65653',36.98,2,6,1,5,NULL,'2024-08-01 20:38:16.728000','2024-08-01 20:38:16.728000'),(4,'b707811b-ddbb-4ec1-9fa4-928b2beb09c9',36.98,2,8,1,7,NULL,'2024-08-01 20:38:17.800000','2024-08-01 20:38:17.800000'),(18,'bcc23d3a-98e7-4917-b2f3-66679e97142f',41.98,2,36,1,35,NULL,'2024-08-06 22:29:03.040000','2024-08-06 22:29:03.040000'),(19,'6fd35836-3a97-48b1-bb9f-78524681c4e1',13.99,1,38,3,37,NULL,'2024-08-09 13:41:49.421000','2024-08-09 13:41:49.421000'),(20,'bcbe5c96-7cd5-4f11-a603-8581d2112796',63.96,4,40,1,39,NULL,'2024-08-11 11:44:06.329000','2024-08-11 11:44:06.329000'),(21,'ff287685-0b25-4b05-b52c-affc88039e01',50.97,3,42,1,41,NULL,'2024-08-13 11:39:57.341000','2024-08-13 11:39:57.341000'),(22,'38ae1f96-61d6-477f-9cc4-720d7c2a55aa',67.96,4,44,1,43,NULL,'2024-08-13 23:30:54.639000','2024-08-13 23:30:54.639000'),(23,'9cd63ca6-856b-4483-aee1-30cfaf8873ad',83.96,4,46,1,45,NULL,'2024-08-14 21:27:00.267000','2024-08-14 21:27:00.267000'),(24,'ce51bdf2-7228-471f-9f85-75a6388702fa',14.99,1,48,1,47,NULL,'2024-08-15 15:03:36.043000','2024-08-15 15:03:36.043000'),(25,'7d5fec38-4994-4dc5-b8c3-ad686d0c9dad',33.98,2,50,1,49,NULL,'2024-08-15 18:38:37.180000','2024-08-15 18:38:37.180000'),(26,'30b2993e-8ff0-4a61-b082-825e9091f073',13.99,1,52,1,51,NULL,'2024-08-15 19:02:12.942000','2024-08-15 19:02:12.942000'),(27,'3620d23c-2ab6-499f-9123-3f46fa0d7a3e',20.99,1,54,1,53,NULL,'2024-08-16 10:03:55.960000','2024-08-16 10:03:55.960000'),(28,'9291f3b6-fe90-4d63-9227-9d0975966729',23.99,1,56,1,55,NULL,'2024-08-16 11:01:28.122000','2024-08-16 11:01:28.122000'),(29,'2d2645b0-6b94-4f15-9597-4ba15e2f01b9',20.99,1,58,1,57,NULL,'2024-08-17 00:31:56.668000','2024-08-17 00:31:56.668000'),(30,'1052720d-272b-4620-a319-093485f4218d',83.96,4,60,1,59,NULL,'2024-08-17 00:52:52.153000','2024-08-17 00:52:52.153000'),(31,'8e6c6a4d-85e3-4fa4-aad8-67dec17182ae',20.99,1,62,1,61,NULL,'2024-08-17 10:29:07.782000','2024-08-17 10:29:07.782000'),(32,'4a0663b3-ac1f-4441-b5a9-98882cbd542f',62.97,3,64,1,63,NULL,'2024-08-18 23:20:06.735000','2024-08-18 23:20:06.735000'),(33,'b8eeb2c3-7e91-4729-8b66-dec24f551c14',109.98,2,66,1,65,NULL,'2024-08-22 21:18:21.158000','2024-08-22 21:18:21.158000'),(34,'d3c6a85a-2853-4856-a045-5806f1c199ac',14.99,1,68,1,67,NULL,'2024-08-28 12:11:25.748000','2024-08-28 12:11:25.748000'),(35,'2997f541-61ce-4703-84cc-00963eb6e35e',44.97,3,70,1,69,NULL,'2024-08-28 19:37:07.893000','2024-08-28 19:37:07.893000'),(36,'b362a817-7e82-4916-b0f6-5db4d6fabf1c',109.96,4,72,1,71,NULL,'2024-08-28 20:50:36.441000','2024-08-28 20:50:36.441000'),(37,'4635589c-9e0c-4e1c-866c-845d11334cb9',209.95,5,74,1,73,NULL,'2024-09-02 20:04:19.005000','2024-09-02 20:04:19.005000'),(38,'ee55180e-d94b-4695-95b6-1160fa096f2b',125.92,8,76,1,75,NULL,'2024-09-03 08:34:16.846000','2024-09-03 08:34:16.846000');
/*!40000 ALTER TABLE `orders` ENABLE KEYS */;
UNLOCK TABLES;

--
-- Table structure for table `product`
--

DROP TABLE IF EXISTS `product`;
/*!40101 SET @saved_cs_client     = @@character_set_client */;
/*!50503 SET character_set_client = utf8mb4 */;
CREATE TABLE `product` (
  `id` bigint NOT NULL AUTO_INCREMENT,
  `sku` varchar(255) DEFAULT NULL,
  `name` varchar(255) DEFAULT NULL,
  `description` varchar(255) DEFAULT NULL,
  `unit_price` decimal(13,2) DEFAULT NULL,
  `image_url` varchar(255) DEFAULT NULL,
  `active` bit(1) DEFAULT b'1',
  `units_in_stock` int DEFAULT NULL,
  `date_created` datetime(6) DEFAULT NULL,
  `last_updated` datetime(6) DEFAULT NULL,
  `category_id` bigint NOT NULL,
  PRIMARY KEY (`id`),
  KEY `fk_category` (`category_id`),
  CONSTRAINT `fk_category` FOREIGN KEY (`category_id`) REFERENCES `product_category` (`id`)
) ENGINE=InnoDB AUTO_INCREMENT=170 DEFAULT CHARSET=utf8mb4 COLLATE=utf8mb4_0900_ai_ci;
/*!40101 SET character_set_client = @saved_cs_client */;

--
-- Dumping data for table `product`
--

LOCK TABLES `product` WRITE;
/*!40000 ALTER TABLE `product` DISABLE KEYS */;
INSERT INTO `product` VALUES (1,'IPHONE-CASE-1000','JETech Magnetic Case','[Super Magnetic Adsorption] Strongly attaches to chargers and accessories magnetically. Translucent matte back resists smudges and showcases your device\'s logo.',14.99,'assets/images/products/iphonecases/ShopNook_iphone_case_1.png',_binary '',100,'2024-05-28 00:52:10.000000',NULL,1),(2,'IPHONE-CASE-1001','Spigen Rugged Armor','[Military-Grade Protection] Carbon fiber design with flexible TPU offers shock absorption. Slim profile with Air Cushion Technology ensures maximum protection.',20.99,'assets/images/products/iphonecases/ShopNook_iphone_case_2.png',_binary '',100,'2024-05-28 00:52:10.000000',NULL,1),(3,'IPHONE-CASE-1002','OtterBox Defender Series','[Multi-Layer Defense] Solid inner shell with soft outer cover. Port covers keep out dust and debris, perfect for rugged environments.',14.99,'assets/images/products/iphonecases/ShopNook_iphone_case_3.png',_binary '',100,'2024-05-28 00:52:10.000000',NULL,1),(4,'IPHONE-CASE-1003','Caseology Parallax','[Stylish Protection] Unique 3D design with a dual-layer build. Anti-slip grip and raised bezels keep your screen and camera safe.',13.99,'assets/images/products/iphonecases/ShopNook_iphone_case_4.png',_binary '',100,'2024-05-28 00:52:10.000000',NULL,1),(5,'IPHONE-CASE-1004','ESR Air Armor Case','[Military-Grade Drop Protection] Air-Guard corners and hard PC back provide maximum protection. Crystal clear to show off your phone.',18.99,'assets/images/products/iphonecases/ShopNook_iphone_case_5.png',_binary '',100,'2024-05-28 00:52:10.000000',NULL,1),(6,'IPHONE-CASE-1005','Mous Limitless 3.0','[AiroShock Technology] Slim yet ultra-protective with real materials like wood and leather. Magnetic accessories compatible.',23.99,'assets/images/products/iphonecases/ShopNook_iphone_case_6.png',_binary '',100,'2024-05-28 00:52:10.000000',NULL,1),(7,'IPHONE-CASE-1006','TORRAS Slim Fit','[Minimalist Design] Ultra-thin and lightweight for a barely-there feel. Raised edges protect the camera and screen from scratches.',14.99,'assets/images/products/iphonecases/ShopNook_iphone_case_7.png',_binary '',100,'2024-05-28 00:52:10.000000',NULL,1),(8,'IPHONE-CASE-1007','Apple Silicone Case','[Perfect Fit] Silky, soft-touch silicone exterior feels great in your hand. Microfiber lining protects your iPhone, and MagSafe compatible.',16.99,'assets/images/products/iphonecases/ShopNook_iphone_case_8.png',_binary '',100,'2024-05-28 00:52:10.000000',NULL,1),(9,'IPHONE-CASE-1008','Nomad Rugged Case','[Premium Leather] Horween leather ages beautifully over time. Built with a high-grade polycarbonate body for protection.',25.99,'assets/images/products/iphonecases/ShopNook_iphone_case_9.png',_binary '',100,'2024-05-28 00:52:10.000000',NULL,1),(10,'IPHONE-CASE-1009','Speck Presidio2 Grip','[Enhanced Grip] No-slip grips for more confidence when handling. Armor Cloud technology cushions and protects your device.',23.99,'assets/images/products/iphonecases/ShopNook_iphone_case_10.png',_binary '',100,'2024-05-28 00:52:10.000000',NULL,1),(11,'IPHONE-CASE-1010','RhinoShield SolidSuit','[Impact Protection] Slim profile with military-grade drop protection. Customizable buttons for a personal touch.',24.99,'assets/images/products/iphonecases/ShopNook_iphone_case_11.png',_binary '',100,'2024-05-28 00:52:10.000000',NULL,1),(12,'IPHONE-CASE-1011','UAG Monarch Case','[5-Layer Protection] Ultra-rugged design with premium materials. Impact-resistant core with a feather-light construction.',19.99,'assets/images/products/iphonecases/ShopNook_iphone_case_12.png',_binary '',100,'2024-05-28 00:52:10.000000',NULL,1),(13,'IPHONE-CASE-1012','Pelican Voyager Case','[Ultimate Durability] Multi-layered protection with a belt clip holster. Built to withstand the harshest conditions.',24.99,'assets/images/products/iphonecases/ShopNook_iphone_case_13.png',_binary '',100,'2024-05-28 00:52:10.000000',NULL,1),(14,'IPHONE-CASE-1013','Tech21 Evo Check','[Antimicrobial Protection] Slim profile with a stylish check pattern. Impact protection from drops up to 12 feet.',19.99,'assets/images/products/iphonecases/ShopNook_iphone_case_14.png',_binary '',100,'2024-05-28 00:52:10.000000',NULL,1),(15,'IPHONE-CASE-1014','Incipio Duo Case','[Dual-Layer Defense] Scratch-resistant finish with a soft-touch feel. Impact Struts technology provides 12 feet of drop protection.',22.99,'assets/images/products/iphonecases/ShopNook_iphone_case_15.png',_binary '',100,'2024-05-28 00:52:10.000000',NULL,1),(16,'IPHONE-CASE-1015','Raptic Shield','[Anodized Aluminum Frame] Military-grade drop protection with a clear back. Compatible with wireless charging.',22.99,'assets/images/products/iphonecases/ShopNook_iphone_case_16.png',_binary '',100,'2024-05-28 00:52:10.000000',NULL,1),(17,'IPHONE-CASE-1016','Supcase Unicorn Beetle Pro','[Built-in Screen Protector] Full-body rugged case with a multi-layer design. Comes with a kickstand and belt clip holster.',27.99,'assets/images/products/iphonecases/ShopNook_iphone_case_17.png',_binary '',100,'2024-05-28 00:52:10.000000',NULL,1),(18,'IPHONE-CASE-1017','Catalyst Impact Protection','[Slim and Rugged] Drop proof up to 10 feet with a rotating mute switch. Transparent back shows off your iPhone\'s design.',13.99,'assets/images/products/iphonecases/ShopNook_iphone_case_18.png',_binary '',100,'2024-05-28 00:52:10.000000',NULL,1),(19,'IPHONE-CASE-1018','Ringke Fusion-X','[Hybrid Design] Tough, rugged exterior with a transparent back. Raised lips protect the screen and camera from drops.',26.99,'assets/images/products/iphonecases/ShopNook_iphone_case_19.png',_binary '',100,'2024-05-28 00:52:10.000000',NULL,1),(20,'IPHONE-CASE-1019','Ghostek Atomic Slim','[Aluminum Alloy Bumper] Reinforced with an industrial-grade aluminum frame. Wireless charging compatible and MagSafe ready.',13.99,'assets/images/products/iphonecases/ShopNook_iphone_case_20.png',_binary '',100,'2024-05-28 00:52:10.000000',NULL,1),(21,'IPHONE-CASE-1020','Caudabe Sheath','[Minimalist Rugged] Shock-absorbing polymer for strong yet slim protection. Micro-texture provides excellent grip.',19.99,'assets/images/products/iphonecases/ShopNook_iphone_case_21.png',_binary '',100,'2024-05-28 00:52:10.000000',NULL,1),(22,'IPHONE-CASE-1021','Pela Eco-Friendly Case','[100% Compostable] Made from sustainable materials. Slim and flexible with a soft, grippy texture.',18.99,'assets/images/products/iphonecases/ShopNook_iphone_case_22.png',_binary '',100,'2024-05-28 00:52:10.000000',NULL,1),(23,'IPHONE-CASE-1022','Sonix Clear Coat Case','[UV-Printed Design] Scratch-resistant with a slim, lightweight build. Wireless charging compatible and drop-tested.',26.99,'assets/images/products/iphonecases/ShopNook_iphone_case_23.png',_binary '',100,'2024-05-28 00:52:10.000000',NULL,1),(24,'IPHONE-CASE-1023','Zizo Bolt Series','[Holster and Kickstand] Heavy-duty protection with a built-in kickstand. Comes with a belt clip and tempered glass screen protector.',22.99,'assets/images/products/iphonecases/ShopNook_iphone_case_24.png',_binary '',100,'2024-05-28 00:52:10.000000',NULL,1),(25,'IPHONE-CASE-1024','Silk Wallet Slayer','[Card Holder Case] Slim case with a slot for cards and cash. Durable, protective, and designed for on-the-go convenience.',16.99,'assets/images/products/iphonecases/ShopNook_iphone_case_25.png',_binary '',100,'2024-05-28 00:52:10.000000',NULL,1),(26,'GYM-BOTTLE-1000','HydraFlow Steel Bottle','[Double-Wall Insulation] Keeps your drink cold for 24 hours or hot for 12 hours. Durable stainless steel with a leak-proof cap.',18.99,'assets/images/products/gymbottles/ShopNook_Bottle_1.png',_binary '',100,'2024-05-28 00:52:10.000000',NULL,2),(27,'GYM-BOTTLE-1001','Fit Hydrate Bottle','[Time-Marked Hydration] Stay on track with your hydration goals. BPA-free and designed with a time marker to remind you to drink.',18.99,'assets/images/products/gymbottles/ShopNook_Bottle_2.png',_binary '',100,'2024-05-28 00:52:10.000000',NULL,2),(28,'GYM-BOTTLE-1002','Titan Sports Bottle','[Durable and Lightweight] Made from high-quality Tritan material, shatter-resistant and perfect for intense workouts.',18.99,'assets/images/products/gymbottles/ShopNook_Bottle_3.png',_binary '',100,'2024-05-28 00:52:10.000000',NULL,2),(29,'GYM-BOTTLE-1003','AquaActive Bottle','[Built-In Straw] Flip-top lid with a built-in straw for easy sipping during workouts. BPA-free and leak-proof.',18.99,'assets/images/products/gymbottles/ShopNook_Bottle_4.png',_binary '',100,'2024-05-28 00:52:10.000000',NULL,2),(30,'GYM-BOTTLE-1004','EcoHydrate Glass Bottle','[Eco-Friendly Choice] Made from high-quality borosilicate glass. Non-toxic and BPA-free with a protective silicone sleeve.',18.99,'assets/images/products/gymbottles/ShopNook_Bottle_5.png',_binary '',100,'2024-05-28 00:52:10.000000',NULL,2),(31,'GYM-BOTTLE-1005','PowerSip Bottle','[Wide Mouth Opening] Easy to fill with ice cubes and clean. Ideal for gym-goers and athletes, with a sturdy handle for carrying.',18.99,'assets/images/products/gymbottles/ShopNook_Bottle_6.png',_binary '',100,'2024-05-28 00:52:10.000000',NULL,2),(32,'GYM-BOTTLE-1006','Endurance Bottle','[Insulated for Performance] Vacuum-insulated to maintain drink temperature. Lightweight and durable for everyday use.',18.99,'assets/images/products/gymbottles/ShopNook_Bottle_7.png',_binary '',100,'2024-05-28 00:52:10.000000',NULL,2),(33,'GYM-BOTTLE-1007','ProHydro Flask','[Leak-Proof and Sweat-Free] Double-wall insulation keeps your drink cold or hot. Easy to carry with a secure lid.',18.99,'assets/images/products/gymbottles/ShopNook_Bottle_8.png',_binary '',100,'2024-05-28 00:52:10.000000',NULL,2),(34,'GYM-BOTTLE-1008','Peak Hydration Bottle','[Ergonomic Design] Curved shape fits comfortably in your hand. BPA-free and designed for easy one-handed operation.',18.99,'assets/images/products/gymbottles/ShopNook_Bottle_9.png',_binary '',100,'2024-05-28 00:52:10.000000',NULL,2),(35,'GYM-BOTTLE-1009','HydroMax Bottle','[Large Capacity] Holds up to 1 liter, perfect for long workouts or hikes. Leak-proof with a wide mouth for easy filling.',18.99,'assets/images/products/gymbottles/ShopNook_Bottle_10.png',_binary '',100,'2024-05-28 00:52:10.000000',NULL,2),(36,'GYM-BOTTLE-1010','ActiveLife Bottle','[Collapsible and Portable] Foldable design saves space in your gym bag. BPA-free and easy to carry anywhere.',18.99,'assets/images/products/gymbottles/ShopNook_Bottle_11.png',_binary '',100,'2024-05-28 00:52:10.000000',NULL,2),(37,'GYM-BOTTLE-1011','GymFuel Bottle','[Integrated Mixer] Built-in mixer ball for smooth protein shakes. Leak-proof and easy to clean, perfect for post-workout nutrition.',18.99,'assets/images/products/gymbottles/ShopNook_Bottle_12.png',_binary '',100,'2024-05-28 00:52:10.000000',NULL,2),(38,'GYM-BOTTLE-1012','VitaBoost Bottle','[Infuser Included] Enjoy flavored water with a built-in fruit infuser. BPA-free and designed for active lifestyles.',18.99,'assets/images/products/gymbottles/ShopNook_Bottle_13.png',_binary '',100,'2024-05-28 00:52:10.000000',NULL,2),(39,'GYM-BOTTLE-1013','SportQuench Bottle','[Quick-Release Lid] Fast and easy access to your drink. Durable, BPA-free, and perfect for high-intensity workouts.',18.99,'assets/images/products/gymbottles/ShopNook_Bottle_14.png',_binary '',100,'2024-05-28 00:52:10.000000',NULL,2),(40,'GYM-BOTTLE-1014','PureHydrate Bottle','[Tritan Plastic] Shatterproof and lightweight. Features a flip-top lid and a carrying loop for convenience.',18.99,'assets/images/products/gymbottles/ShopNook_Bottle_15.png',_binary '',100,'2024-05-28 00:52:10.000000',NULL,2),(41,'GYM-BOTTLE-1015','HydraFit Jug','[Gallon Capacity] Stay hydrated all day with this large 1-gallon jug. Durable with a built-in handle for easy transport.',18.99,'assets/images/products/gymbottles/ShopNook_Bottle_16.png',_binary '',100,'2024-05-28 00:52:10.000000',NULL,2),(42,'GYM-BOTTLE-1016','FlexSip Bottle','[Flexible Straw] Soft, flexible straw for comfortable sipping. BPA-free and leak-proof, ideal for gym use.',18.99,'assets/images/products/gymbottles/ShopNook_Bottle_17.png',_binary '',100,'2024-05-28 00:52:10.000000',NULL,2),(43,'GYM-BOTTLE-1017','Enduro Bottle','[High-Impact Resistance] Built tough for athletes, with a grip-enhanced design. Leak-proof and dishwasher safe.',18.99,'assets/images/products/gymbottles/ShopNook_Bottle_18.png',_binary '',100,'2024-05-28 00:52:10.000000',NULL,2),(44,'GYM-BOTTLE-1018','HydroPro Bottle','[Advanced Insulation] Keeps your drink cold for 24 hours. Durable stainless steel construction, perfect for outdoor activities.',18.99,'assets/images/products/gymbottles/ShopNook_Bottle_19.png',_binary '',100,'2024-05-28 00:52:10.000000',NULL,2),(45,'GYM-BOTTLE-1019','CoreSport Bottle','[Slim and Portable] Lightweight and easy to carry. Designed with a convenient spout for quick hydration during workouts.',18.99,'assets/images/products/gymbottles/ShopNook_Bottle_20.png',_binary '',100,'2024-05-28 00:52:10.000000',NULL,2),(46,'GYM-BOTTLE-1020','FuelX Bottle','[Wide Mouth for Easy Cleaning] Made for fitness enthusiasts. BPA-free, leak-proof, and designed for optimal hydration.',18.99,'assets/images/products/gymbottles/ShopNook_Bottle_21.png',_binary '',100,'2024-05-28 00:52:10.000000',NULL,2),(47,'GYM-BOTTLE-1021','SportPulse Bottle','[Integrated Filter] Includes a built-in filter for clean, fresh water. Durable, BPA-free, and ideal for sports activities.',18.99,'assets/images/products/gymbottles/ShopNook_Bottle_22.png',_binary '',100,'2024-05-28 00:52:10.000000',NULL,2),(48,'GYM-BOTTLE-1022','VortexMix Bottle','[Electric Mixer] USB-rechargeable electric mixer for smooth shakes. Leak-proof and easy to clean.',18.99,'assets/images/products/gymbottles/ShopNook_Bottle_23.png',_binary '',100,'2024-05-28 00:52:10.000000',NULL,2),(49,'GYM-BOTTLE-1023','ActiveHydro Bottle','[Push-Button Lid] Easy-access lid with a push-button mechanism. BPA-free and designed for quick hydration.',18.99,'assets/images/products/gymbottles/ShopNook_Bottle_24.png',_binary '',100,'2024-05-28 00:52:10.000000',NULL,2),(50,'GYM-BOTTLE-1024','ProFlow Bottle','[Dual-Layer Insulation] Keeps drinks at the right temperature for hours. Durable, leak-proof, and perfect for the gym.',18.99,'assets/images/products/gymbottles/ShopNook_Bottle_25.png',_binary '',100,'2024-05-28 00:52:10.000000',NULL,2),(51,'VASE-1000','Elegance Glass Vase','[Elegant Design] Crafted from high-quality glass, this vase offers a timeless look perfect for any décor.',17.99,'assets/images/products/vases/ShopNook_Vase_1.png',_binary '',100,'2024-05-28 00:52:10.000000',NULL,3),(52,'VASE-1001','Modern Ceramic Vase','[Modern Aesthetic] Sleek ceramic design with a smooth finish, ideal for contemporary home settings.',17.99,'assets/images/products/vases/ShopNook_Vase_2.png',_binary '',100,'2024-05-28 00:52:10.000000',NULL,3),(53,'VASE-1002','Rustic Stoneware Vase','[Rustic Charm] Durable stoneware vase with a textured finish, bringing warmth and character to your space.',17.99,'assets/images/products/vases/ShopNook_Vase_3.png',_binary '',100,'2024-05-28 00:52:10.000000',NULL,3),(54,'VASE-1003','Crystal Clear Vase','[Crystal Clarity] Transparent glass vase with a classic shape, perfect for showcasing vibrant flowers.',17.99,'assets/images/products/vases/ShopNook_Vase_4.png',_binary '',100,'2024-05-28 00:52:10.000000',NULL,3),(55,'VASE-1004','Minimalist White Vase','[Minimalist Beauty] Simple and clean white vase, versatile enough for any room in your home.',17.99,'assets/images/products/vases/ShopNook_Vase_5.png',_binary '',100,'2024-05-28 00:52:10.000000',NULL,3),(56,'VASE-1005','Antique Bronze Vase','[Antique Appeal] Bronze vase with a vintage design, adding a touch of old-world charm to your décor.',17.99,'assets/images/products/vases/ShopNook_Vase_6.png',_binary '',100,'2024-05-28 00:52:10.000000',NULL,3),(57,'VASE-1006','Geometric Metal Vase','[Geometric Style] Metal vase with a striking geometric design, perfect for modern interiors.',17.99,'assets/images/products/vases/ShopNook_Vase_7.png',_binary '',100,'2024-05-28 00:52:10.000000',NULL,3),(58,'VASE-1007','Floral Patterned Vase','[Floral Motifs] Delicately patterned vase with floral designs, ideal for enhancing your living space.',17.99,'assets/images/products/vases/ShopNook_Vase_8.png',_binary '',100,'2024-05-28 00:52:10.000000',NULL,3),(59,'VASE-1008','Pastel Porcelain Vase','[Soft Pastels] Porcelain vase in soft pastel colors, bringing a gentle touch to your décor.',17.99,'assets/images/products/vases/ShopNook_Vase_9.png',_binary '',100,'2024-05-28 00:52:10.000000',NULL,3),(60,'VASE-1009','Art Deco Vase','[Art Deco Inspiration] Vase with bold, geometric patterns, perfect for art deco enthusiasts.',17.99,'assets/images/products/vases/ShopNook_Vase_10.png',_binary '',100,'2024-05-28 00:52:10.000000',NULL,3),(61,'VASE-1010','Sculpted Marble Vase','[Sculptural Form] Marble vase with a unique sculpted shape, combining elegance and artistry.',17.99,'assets/images/products/vases/ShopNook_Vase_11.png',_binary '',100,'2024-05-28 00:52:10.000000',NULL,3),(62,'VASE-1011','Classic Terracotta Vase','[Classic Terracotta] Traditional terracotta vase, perfect for both indoor and outdoor settings.',17.99,'assets/images/products/vases/ShopNook_Vase_12.png',_binary '',100,'2024-05-28 00:52:10.000000',NULL,3),(63,'VASE-1012','Twist Glass Vase','[Twisted Elegance] Glass vase with a unique twisted design, adding a modern twist to your floral arrangements.',17.99,'assets/images/products/vases/ShopNook_Vase_13.png',_binary '',100,'2024-05-28 00:52:10.000000',NULL,3),(64,'VASE-1013','Abstract Ceramic Vase','[Abstract Art] Ceramic vase with an abstract design, perfect for artistic and creative interiors.',17.99,'assets/images/products/vases/ShopNook_Vase_14.png',_binary '',100,'2024-05-28 00:52:10.000000',NULL,3),(65,'VASE-1014','Hand-Painted Vase','[Hand-Painted Details] Unique vase with hand-painted details, making each piece one of a kind.',17.99,'assets/images/products/vases/ShopNook_Vase_15.png',_binary '',100,'2024-05-28 00:52:10.000000',NULL,3),(66,'VASE-1015','Vintage Glass Vase','[Vintage Vibe] Glass vase with a vintage design, perfect for adding a nostalgic touch to your home.',17.99,'assets/images/products/vases/ShopNook_Vase_16.png',_binary '',100,'2024-05-28 00:52:10.000000',NULL,3),(67,'VASE-1016','Textured Stone Vase','[Textured Finish] Stone vase with a natural, textured surface, ideal for rustic and earthy décor.',17.99,'assets/images/products/vases/ShopNook_Vase_17.png',_binary '',100,'2024-05-28 00:52:10.000000',NULL,3),(68,'VASE-1017','Gold-Plated Vase','[Golden Elegance] Luxurious vase with a gold-plated finish, adding a touch of glamour to any room.',17.99,'assets/images/products/vases/ShopNook_Vase_18.png',_binary '',100,'2024-05-28 00:52:10.000000',NULL,3),(69,'VASE-1018','Matte Black Vase','[Matte Black] Sleek and modern matte black vase, perfect for minimalist and contemporary interiors.',17.99,'assets/images/products/vases/ShopNook_Vase_19.png',_binary '',100,'2024-05-28 00:52:10.000000',NULL,3),(70,'VASE-1019','Translucent Blue Vase','[Blue Hues] Translucent blue glass vase, bringing a calming and serene atmosphere to your space.',17.99,'assets/images/products/vases/ShopNook_Vase_20.png',_binary '',100,'2024-05-28 00:52:10.000000',NULL,3),(71,'VASE-1020','Artisan Clay Vase','[Artisan Craftsmanship] Handmade clay vase with a unique, handcrafted finish, perfect for eclectic homes.',17.99,'assets/images/products/vases/ShopNook_Vase_21.png',_binary '',100,'2024-05-28 00:52:10.000000',NULL,3),(72,'VASE-1021','Elegant Silver Vase','[Silver Shine] Elegant vase with a silver finish, adding a touch of sophistication to your décor.',17.99,'assets/images/products/vases/ShopNook_Vase_22.png',_binary '',100,'2024-05-28 00:52:10.000000',NULL,3),(73,'VASE-1022','Embossed Floral Vase','[Embossed Design] Floral-embossed vase, perfect for adding texture and elegance to any room.',17.99,'assets/images/products/vases/ShopNook_Vase_23.png',_binary '',100,'2024-05-28 00:52:10.000000',NULL,3),(74,'VASE-1023','Pearl White Vase','[Pearl White Finish] Vase with a lustrous pearl white finish, combining simplicity and luxury.',17.99,'assets/images/products/vases/ShopNook_Vase_24.png',_binary '',100,'2024-05-28 00:52:10.000000',NULL,3),(75,'VASE-1024','Handcrafted Wooden Vase','[Handcrafted Wood] Unique wooden vase, handcrafted for a natural and organic aesthetic.',17.99,'assets/images/products/vases/ShopNook_Vase_25.png',_binary '',100,'2024-05-28 00:52:10.000000',NULL,3),(76,'PURSE-1000','Classic Leather Purse','[Timeless Design] Crafted from genuine leather, this purse offers both durability and classic style for everyday use.',16.99,'assets/images/products/purses/ShopNook_Purse_1.png',_binary '',100,'2024-05-28 00:52:10.000000',NULL,4),(77,'PURSE-1001','Elegant Clutch','[Elegant and Compact] Perfect for evening events, this clutch features a sleek design with a secure clasp.',16.99,'assets/images/products/purses/ShopNook_Purse_2.png',_binary '',100,'2024-05-28 00:52:10.000000',NULL,4),(78,'PURSE-1002','Vintage Crossbody Bag','[Vintage Charm] A crossbody bag with a retro vibe, featuring adjustable straps and multiple compartments.',16.99,'assets/images/products/purses/ShopNook_Purse_3.png',_binary '',100,'2024-05-28 00:52:10.000000',NULL,4),(79,'PURSE-1003','Mini Shoulder Bag','[Compact and Stylish] A mini shoulder bag that’s perfect for carrying essentials, with a chic and modern design.',16.99,'assets/images/products/purses/ShopNook_Purse_4.png',_binary '',100,'2024-05-28 00:52:10.000000',NULL,4),(80,'PURSE-1004','Luxury Handbag','[Luxury Feel] High-end handbag made with premium materials, designed for those who appreciate elegance and style.',16.99,'assets/images/products/purses/ShopNook_Purse_5.png',_binary '',100,'2024-05-28 00:52:10.000000',NULL,4),(81,'PURSE-1005','Casual Tote Bag','[Casual and Spacious] This tote bag is perfect for daily use, offering plenty of space and a relaxed, casual look.',16.99,'assets/images/products/purses/ShopNook_Purse_6.png',_binary '',100,'2024-05-28 00:52:10.000000',NULL,4),(82,'PURSE-1006','Quilted Chain Bag','[Chic and Quilted] A stylish chain bag with a quilted finish, ideal for adding a touch of elegance to any outfit.',16.99,'assets/images/products/purses/ShopNook_Purse_7.png',_binary '',100,'2024-05-28 00:52:10.000000',NULL,4),(83,'PURSE-1007','Slim Wallet Purse','[Slim and Functional] A wallet purse designed to carry your essentials in a slim, easy-to-carry format.',16.99,'assets/images/products/purses/ShopNook_Purse_8.png',_binary '',100,'2024-05-28 00:52:10.000000',NULL,4),(84,'PURSE-1008','Floral Embroidered Purse','[Floral Details] Beautifully embroidered purse with floral patterns, adding a feminine touch to your ensemble.',16.99,'assets/images/products/purses/ShopNook_Purse_9.png',_binary '',100,'2024-05-28 00:52:10.000000',NULL,4),(85,'PURSE-1009','Chic Satchel Bag','[Structured and Chic] A satchel bag with a structured shape, perfect for both work and casual outings.',16.99,'assets/images/products/purses/ShopNook_Purse_10.png',_binary '',100,'2024-05-28 00:52:10.000000',NULL,4),(86,'PURSE-1010','Foldover Clutch','[Foldover Design] This clutch features a unique foldover design with a secure closure, ideal for a night out.',16.99,'assets/images/products/purses/ShopNook_Purse_11.png',_binary '',100,'2024-05-28 00:52:10.000000',NULL,4),(87,'PURSE-1011','Boho Fringe Bag','[Boho Style] A fringe bag that adds a bohemian touch to your look, with plenty of room for your essentials.',16.99,'assets/images/products/purses/ShopNook_Purse_12.png',_binary '',100,'2024-05-28 00:52:10.000000',NULL,4),(88,'PURSE-1012','Wristlet Purse','[Convenient Wristlet] A small, portable purse with a wrist strap, perfect for on-the-go convenience.',16.99,'assets/images/products/purses/ShopNook_Purse_13.png',_binary '',100,'2024-05-28 00:52:10.000000',NULL,4),(89,'PURSE-1013','Python Pattern Purse','[Bold and Stylish] Python pattern purse that stands out with its bold design, perfect for making a statement.',16.99,'assets/images/products/purses/ShopNook_Purse_14.png',_binary '',100,'2024-05-28 00:52:10.000000',NULL,4),(90,'PURSE-1014','Convertible Backpack Purse','[Versatile Design] Convertible backpack purse that can be worn multiple ways, offering versatility and style.',16.99,'assets/images/products/purses/ShopNook_Purse_15.png',_binary '',100,'2024-05-28 00:52:10.000000',NULL,4),(91,'PURSE-1015','Woven Straw Bag','[Natural and Chic] Woven straw bag perfect for summer, with a casual and stylish look.',16.99,'assets/images/products/purses/ShopNook_Purse_16.png',_binary '',100,'2024-05-28 00:52:10.000000',NULL,4),(92,'PURSE-1016','Geometric Print Purse','[Modern Print] A geometric print purse that adds a modern and trendy touch to your outfit.',16.99,'assets/images/products/purses/ShopNook_Purse_17.png',_binary '',100,'2024-05-28 00:52:10.000000',NULL,4),(93,'PURSE-1017','Soft Suede Purse','[Soft and Elegant] Suede purse with a soft texture, offering a luxurious feel and a sophisticated look.',16.99,'assets/images/products/purses/ShopNook_Purse_18.png',_binary '',100,'2024-05-28 00:52:10.000000',NULL,4),(94,'PURSE-1018','Metallic Finish Purse','[Shiny and Chic] A purse with a metallic finish that adds a glamorous touch to any outfit.',16.99,'assets/images/products/purses/ShopNook_Purse_19.png',_binary '',100,'2024-05-28 00:52:10.000000',NULL,4),(95,'PURSE-1020','Structured Top Handle Bag','[Structured Elegance] Top handle bag with a structured shape, ideal for formal and professional settings.',16.99,'assets/images/products/purses/ShopNook_Purse_20.png',_binary '',100,'2024-05-28 00:52:10.000000',NULL,4),(96,'PURSE-1021','Envelope Clutch','[Slim and Sleek] An envelope clutch that’s perfect for holding your essentials in style, with a minimalist design.',16.99,'assets/images/products/purses/ShopNook_Purse_21.png',_binary '',100,'2024-05-28 00:52:10.000000',NULL,4),(97,'PURSE-1022','Two-Tone Tote Bag','[Two-Tone Design] A tote bag featuring a stylish two-tone color scheme, perfect for everyday use.',16.99,'assets/images/products/purses/ShopNook_Purse_22.png',_binary '',100,'2024-05-28 00:52:10.000000',NULL,4),(98,'PURSE-1023','Minimalist Zip Purse','[Minimalist and Practical] A zip purse that combines a minimalist design with practical features for daily use.',16.99,'assets/images/products/purses/ShopNook_Purse_23.png',_binary '',100,'2024-05-28 00:52:10.000000',NULL,4),(99,'PURSE-1024','Patent Leather Purse','[Glossy Finish] A patent leather purse with a high-gloss finish, adding a sophisticated touch to your look.',16.99,'assets/images/products/purses/ShopNook_Purse_24.png',_binary '',100,'2024-05-28 00:52:10.000000',NULL,4),(100,'PURSE-1025','Designer Logo Bag','[Designer Style] A logo bag that combines designer flair with practical functionality, perfect for fashion lovers.',16.99,'assets/images/products/purses/ShopNook_Purse_25.png',_binary '',100,'2024-05-28 00:52:10.000000',NULL,4),(101,'SMARTPHONE-1001','Galaxy S21','Latest Samsung Galaxy S21 with 128GB storage and 8GB RAM.',799.99,'assets/images/products/smartphones/Galaxy_S21.png',_binary '',50,'2024-08-18 18:49:13.000000',NULL,5),(102,'SMARTPHONE-1002','iPhone 13','Apple iPhone 13 with 256GB storage and 6GB RAM.',999.99,'assets/images/products/smartphones/iPhone_13.png',_binary '',75,'2024-08-18 18:49:13.000000',NULL,5),(103,'SMARTPHONE-1003','Pixel 6','Google Pixel 6 with 128GB storage and 8GB RAM.',699.99,'assets/images/products/smartphones/Pixel_6.png',_binary '',100,'2024-08-18 18:49:13.000000',NULL,5),(104,'SMARTPHONE-1004','OnePlus 9','OnePlus 9 with 128GB storage and 12GB RAM.',729.99,'assets/images/products/smartphones/OnePlus_9.png',_binary '',80,'2024-08-18 18:49:13.000000',NULL,5),(105,'SMARTPHONE-1005','Xiaomi Mi 11','Xiaomi Mi 11 with 256GB storage and 8GB RAM.',599.99,'assets/images/products/smartphones/Xiaomi_Mi_11.png',_binary '',120,'2024-08-18 18:49:13.000000',NULL,5),(106,'SMARTPHONE-1006','Sony Xperia 5 II','Sony Xperia 5 II with 128GB storage and 8GB RAM.',799.99,'assets/images/products/smartphones/Sony_Xperia_5_II.png',_binary '',60,'2024-08-18 18:49:13.000000',NULL,5),(107,'SMARTPHONE-1007','Huawei P40','Huawei P40 with 128GB storage and 8GB RAM.',699.99,'assets/images/products/smartphones/Huawei_P40.png',_binary '',90,'2024-08-18 18:49:13.000000',NULL,5),(108,'SMARTPHONE-1008','Oppo Find X3','Oppo Find X3 with 256GB storage and 12GB RAM.',749.99,'assets/images/products/smartphones/Oppo_Find_X3.png',_binary '',110,'2024-08-18 18:49:13.000000',NULL,5),(109,'SMARTPHONE-1009','LG Wing','LG Wing with 128GB storage and 8GB RAM.',799.99,'assets/images/products/smartphones/LG_Wing.png',_binary '',70,'2024-08-18 18:49:13.000000',NULL,5),(110,'SMARTPHONE-1010','Nokia 8.3','Nokia 8.3 with 128GB storage and 8GB RAM.',599.99,'assets/images/products/smartphones/Nokia_8_3.png',_binary '',95,'2024-08-18 18:49:13.000000',NULL,5),(111,'ACCESSORY-2001','Wireless Charger','Fast wireless charger compatible with all smartphones.',29.99,'assets/images/products/accessories/Wireless_Charger.png',_binary '',200,'2024-08-18 19:10:12.000000',NULL,6),(112,'ACCESSORY-2002','Bluetooth Earbuds','Noise-cancelling Bluetooth earbuds with 12-hour battery life.',49.99,'assets/images/products/accessories/Bluetooth_Earbuds.png',_binary '',150,'2024-08-18 19:10:12.000000',NULL,6),(113,'ACCESSORY-2003','Phone Case - iPhone 13','Durable phone case for iPhone 13.',19.99,'assets/images/products/accessories/Phone_Case_iPhone_13.png',_binary '',300,'2024-08-18 19:10:12.000000',NULL,6),(114,'ACCESSORY-2004','Screen Protector - Galaxy S21','Tempered glass screen protector for Galaxy S21.',14.99,'assets/images/products/accessories/Screen_Protector_Galaxy_S21.png',_binary '',250,'2024-08-18 19:10:12.000000',NULL,6),(115,'ACCESSORY-2005','Smartwatch Band','Replacement band for smartwatches, compatible with various models.',12.99,'assets/images/products/accessories/Smartwatch_Band.png',_binary '',180,'2024-08-18 19:10:12.000000',NULL,6),(116,'ACCESSORY-2006','Car Phone Mount','Universal car phone mount with adjustable grip.',24.99,'assets/images/products/accessories/Car_Phone_Mount.png',_binary '',170,'2024-08-18 19:10:12.000000',NULL,6),(117,'ACCESSORY-2007','Portable Power Bank','10000mAh portable power bank for charging on the go.',39.99,'assets/images/products/accessories/Power_Bank.png',_binary '',160,'2024-08-18 19:10:12.000000',NULL,6),(118,'ACCESSORY-2008','Selfie Stick','Extendable selfie stick with Bluetooth remote.',15.99,'assets/images/products/accessories/Selfie_Stick.png',_binary '',190,'2024-08-18 19:10:12.000000',NULL,6),(119,'ACCESSORY-2009','Memory Card 128GB','128GB microSD memory card for additional storage.',25.99,'assets/images/products/accessories/Memory_Card_128GB.png',_binary '',220,'2024-08-18 19:10:12.000000',NULL,6),(120,'ACCESSORY-2010','Wireless Keyboard','Compact wireless keyboard with Bluetooth connectivity.',45.99,'assets/images/products/accessories/Wireless_Keyboard.png',_binary '',140,'2024-08-18 19:10:12.000000',NULL,6),(121,'CAMERA-3001','DSLR Camera','High-resolution DSLR camera with multiple lens options.',999.99,'assets/images/products/camera/DSLR_Camera_A1.png',_binary '',25,'2024-08-18 19:13:44.000000',NULL,7),(122,'CAMERA-3002','Mirrorless Camera','Compact mirrorless camera with 4K video recording.',849.99,'assets/images/products/camera/Mirrorless_Camera_B2.png',_binary '',30,'2024-08-18 19:13:44.000000',NULL,7),(123,'CAMERA-3003','Camera Lens','Interchangeable lens for versatile shooting.',299.99,'assets/images/products/camera/Camera_Lens_C3.png',_binary '',50,'2024-08-18 19:13:44.000000',NULL,7),(124,'CAMERA-3004','Tripod','Sturdy tripod with adjustable height for stable shots.',79.99,'assets/images/products/camera/Tripod_D4.png',_binary '',100,'2024-08-18 19:13:44.000000',NULL,7),(125,'CAMERA-3005','Camera Bag','Protective camera bag with compartments for accessories.',59.99,'assets/images/products/camera/Camera_Bag_E5.png',_binary '',80,'2024-08-18 19:13:44.000000',NULL,7),(126,'CAMERA-3006','Action Camera','Durable action camera for adventurous photography.',399.99,'assets/images/products/camera/Action_Camera_F6.png',_binary '',40,'2024-08-18 19:13:44.000000',NULL,7),(127,'CAMERA-3007','Lens Filter','UV filter for protecting and enhancing your camera lens.',29.99,'assets/images/products/camera/Lens_Filter_G7.png',_binary '',120,'2024-08-18 19:13:44.000000',NULL,7),(128,'CAMERA-3009','Camera Strap','Comfortable camera strap for easy carrying.',14.99,'assets/images/products/camera/Camera_Strap_I9.png',_binary '',200,'2024-08-18 19:13:44.000000',NULL,7),(129,'CAMERA-3010','Flash Unit','External flash unit for better lighting in low-light conditions.',199.99,'assets/images/products/camera/Flash_Unit_J0.png',_binary '',60,'2024-08-18 19:13:44.000000',NULL,7),(130,'MUSIC-4001','Studio Monitor','High-quality studio monitor speakers for accurate sound.',499.99,'assets/images/products/music/Studio_Monitor_A1.png',_binary '',25,'2024-08-18 19:15:05.000000',NULL,8),(131,'MUSIC-4002','Audio Interface','Audio interface with multiple inputs and outputs.',299.99,'assets/images/products/music/Audio_Interface_B2.png',_binary '',30,'2024-08-18 19:15:05.000000',NULL,8),(132,'MUSIC-4003','Midi Keyboard','MIDI keyboard with 49 keys and velocity-sensitive keys.',179.99,'assets/images/products/music/Midi_Keyboard_C3.png',_binary '',50,'2024-08-18 19:15:05.000000',NULL,8),(133,'MUSIC-4004','Studio Headphones','Comfortable studio headphones with high-fidelity sound.',129.99,'assets/images/products/music/Studio_Headphones_D4.png',_binary '',80,'2024-08-18 19:15:05.000000',NULL,8),(134,'MUSIC-4005','Microphone','Professional-grade microphone for recording vocals.',249.99,'assets/images/products/music/Microphone_E5.png',_binary '',40,'2024-08-18 19:15:05.000000',NULL,8),(135,'MUSIC-4006','Pop Filter','Pop filter to reduce plosive sounds during recording.',19.99,'assets/images/products/music/Pop_Filter_F6.png',_binary '',100,'2024-08-18 19:15:05.000000',NULL,8),(136,'MUSIC-4007','Acoustic Panels','Acoustic panels to improve sound quality in your studio.',99.99,'assets/images/products/music/Acoustic_Panels_G7.png',_binary '',60,'2024-08-18 19:15:05.000000',NULL,8),(137,'MUSIC-4008','Audio Mixer','Audio mixer with multiple channels and effects.',599.99,'assets/images/products/music/Audio_Mixer_H8.png',_binary '',35,'2024-08-18 19:15:05.000000',NULL,8),(146,'OUTDOOR-6001','Tent','Durable tent for outdoor camping with weather protection.',149.99,'assets/images/products/outdoor/Tent_A1.png',_binary '',30,'2024-08-18 19:19:35.000000',NULL,9),(147,'OUTDOOR-6002','Sleeping Bag','Comfortable sleeping bag for all seasons.',89.99,'assets/images/products/outdoor/Sleeping_Bag_B2.png',_binary '',50,'2024-08-18 19:19:35.000000',NULL,9),(148,'OUTDOOR-6004','Camping Stove','Portable camping stove for outdoor cooking.',59.99,'assets/images/products/outdoor/Camping_Stove_D4.png',_binary '',60,'2024-08-18 19:19:35.000000',NULL,9),(149,'OUTDOOR-6005','Backpack','Spacious backpack for hiking and camping.',99.99,'assets/images/products/outdoor/Backpack_E5.png',_binary '',70,'2024-08-18 19:19:35.000000',NULL,9),(150,'OUTDOOR-6006','Outdoor Chair','Foldable outdoor chair for camping trips.',39.99,'assets/images/products/outdoor/Outdoor_Chair_F6.png',_binary '',80,'2024-08-18 19:19:35.000000',NULL,9),(151,'OUTDOOR-6007','Fishing Rod','Durable fishing rod for all types of fishing.',79.99,'assets/images/products/outdoor/Fishing_Rod_G7.png',_binary '',50,'2024-08-18 19:19:35.000000',NULL,9),(152,'OUTDOOR-6008','Solar Lantern','Solar-powered lantern for nighttime illumination.',29.99,'assets/images/products/outdoor/Solar_Lantern_H8.png',_binary '',90,'2024-08-18 19:19:35.000000',NULL,9),(153,'OUTDOOR-6009','Hiking Boots','Comfortable and rugged hiking boots for all terrains.',119.99,'assets/images/products/outdoor/Hiking_Boots_I9.png',_binary '',40,'2024-08-18 19:19:35.000000',NULL,9),(154,'FITNESS-7001','Dumbbell Set','Adjustable dumbbell set for strength training.',149.99,'assets/images/products/fitness/Dumbbell_Set_A1.png',_binary '',25,'2024-08-18 19:23:59.000000',NULL,10),(155,'FITNESS-7002','Yoga Mat','High-density yoga mat with anti-slip surface.',39.99,'assets/images/products/fitness/Yoga_Mat_B2.png',_binary '',50,'2024-08-18 19:23:59.000000',NULL,10),(156,'FITNESS-7003','Resistance Bands','Set of resistance bands for various exercises.',29.99,'assets/images/products/fitness/Resistance_Bands_C3.png',_binary '',60,'2024-08-18 19:23:59.000000',NULL,10),(157,'FITNESS-7004','Kettlebell','Durable kettlebell for full-body workouts.',89.99,'assets/images/products/fitness/Kettlebell_D4.png',_binary '',40,'2024-08-18 19:23:59.000000',NULL,10),(158,'FITNESS-7005','Treadmill','Electric treadmill with adjustable speed and incline.',799.99,'assets/images/products/fitness/Treadmill_E5.png',_binary '',15,'2024-08-18 19:23:59.000000',NULL,10),(159,'FITNESS-7006','Exercise Bike','Stationary exercise bike with adjustable resistance.',499.99,'assets/images/products/fitness/Exercise_Bike_F6.png',_binary '',20,'2024-08-18 19:23:59.000000',NULL,10),(160,'FITNESS-7007','Jump Rope','Adjustable jump rope for cardio workouts.',14.99,'assets/images/products/fitness/Jump_Rope_G7.png',_binary '',100,'2024-08-18 19:23:59.000000',NULL,10),(161,'FITNESS-7008','Pull-Up Bar','Wall-mounted pull-up bar for upper body exercises.',59.99,'assets/images/products/fitness/Pull_Up_Bar_H8.png',_binary '',30,'2024-08-18 19:23:59.000000',NULL,10),(162,'FURNITURE-8001','Office Chair','Ergonomic office chair with adjustable height and lumbar support.',179.99,'assets/images/products/furniture/Office_Chair_A1.png',_binary '',20,'2024-08-18 19:56:27.000000',NULL,11),(163,'FURNITURE-8002','Dining Table','Wooden dining table with seating for four.',299.99,'assets/images/products/furniture/Dining_Table_B2.png',_binary '',15,'2024-08-18 19:56:27.000000',NULL,11),(164,'FURNITURE-8003','Sofa','Comfortable 3-seater sofa with plush cushions.',699.99,'assets/images/products/furniture/Sofa_C3.png',_binary '',10,'2024-08-18 19:56:27.000000',NULL,11),(165,'FURNITURE-8004','Bed Frame','Sturdy bed frame with a modern design.',249.99,'assets/images/products/furniture/Bed_Frame_D4.png',_binary '',25,'2024-08-18 19:56:27.000000',NULL,11),(166,'FURNITURE-8005','Nightstand','Wooden nightstand with two drawers.',89.99,'assets/images/products/furniture/Nightstand_E5.png',_binary '',30,'2024-08-18 19:56:27.000000',NULL,11),(167,'FURNITURE-8006','Bookshelf','Five-shelf bookshelf made of solid wood.',129.99,'assets/images/products/furniture/Bookshelf_F6.png',_binary '',40,'2024-08-18 19:56:27.000000',NULL,11),(168,'FURNITURE-8007','Coffee Table','Glass coffee table with a metal frame.',99.99,'assets/images/products/furniture/Coffee_Table_G7.png',_binary '',35,'2024-08-18 19:56:27.000000',NULL,11),(169,'FURNITURE-8008','Recliner Chair','Recliner chair with adjustable footrest.',399.99,'assets/images/products/furniture/Recliner_Chair_H8.png',_binary '',20,'2024-08-18 19:56:27.000000',NULL,11);
/*!40000 ALTER TABLE `product` ENABLE KEYS */;
UNLOCK TABLES;

--
-- Table structure for table `product_category`
--

DROP TABLE IF EXISTS `product_category`;
/*!40101 SET @saved_cs_client     = @@character_set_client */;
/*!50503 SET character_set_client = utf8mb4 */;
CREATE TABLE `product_category` (
  `id` bigint NOT NULL AUTO_INCREMENT,
  `category_name` varchar(255) DEFAULT NULL,
  PRIMARY KEY (`id`)
) ENGINE=InnoDB AUTO_INCREMENT=12 DEFAULT CHARSET=utf8mb4 COLLATE=utf8mb4_0900_ai_ci;
/*!40101 SET character_set_client = @saved_cs_client */;

--
-- Dumping data for table `product_category`
--

LOCK TABLES `product_category` WRITE;
/*!40000 ALTER TABLE `product_category` DISABLE KEYS */;
INSERT INTO `product_category` VALUES (1,'Iphone Cases'),(2,'Gym Bottles'),(3,'Vases'),(4,'Purses'),(5,'Smartphones'),(6,'Accessories'),(7,'Camera and photo'),(8,'Music Production'),(9,'Outdoor'),(10,'Fitness'),(11,'Furniture');
/*!40000 ALTER TABLE `product_category` ENABLE KEYS */;
UNLOCK TABLES;

--
-- Table structure for table `state`
--

DROP TABLE IF EXISTS `state`;
/*!40101 SET @saved_cs_client     = @@character_set_client */;
/*!50503 SET character_set_client = utf8mb4 */;
CREATE TABLE `state` (
  `id` smallint unsigned NOT NULL AUTO_INCREMENT,
  `name` varchar(255) DEFAULT NULL,
  `country_id` smallint unsigned NOT NULL,
  PRIMARY KEY (`id`),
  KEY `fk_country` (`country_id`),
  CONSTRAINT `fk_country` FOREIGN KEY (`country_id`) REFERENCES `country` (`id`)
) ENGINE=InnoDB AUTO_INCREMENT=312 DEFAULT CHARSET=utf8mb4 COLLATE=utf8mb4_0900_ai_ci;
/*!40101 SET character_set_client = @saved_cs_client */;

--
-- Dumping data for table `state`
--

LOCK TABLES `state` WRITE;
/*!40000 ALTER TABLE `state` DISABLE KEYS */;
INSERT INTO `state` VALUES (1,'Acre',1),(2,'Alagoas',1),(3,'Amapá',1),(4,'Amazonas',1),(5,'Bahia',1),(6,'Ceará',1),(7,'Distrito Federal',1),(8,'Espírito Santo',1),(9,'Goiás',1),(10,'Maranhão',1),(11,'Mato Grosso do Sul',1),(12,'Mato Grosso',1),(13,'Minas Gerais',1),(14,'Paraná',1),(15,'Paraíba',1),(16,'Pará',1),(17,'Pernambuco',1),(18,'Piaui',1),(19,'Rio de Janeiro',1),(20,'Rio Grande do Norte',1),(21,'Rio Grande do Sul',1),(22,'Rondônia',1),(23,'Roraima',1),(24,'Santa Catarina',1),(25,'Sergipe',1),(26,'São Paulo',1),(27,'Tocantins',1),(28,'Alberta',2),(29,'British Columbia',2),(30,'Manitoba',2),(31,'New Brunswick',2),(32,'Newfoundland and Labrador',2),(33,'Northwest Territories',2),(34,'Nova Scotia',2),(35,'Nunavut',2),(36,'Ontario',2),(37,'Prince Edward Island',2),(38,'Quebec',2),(39,'Saskatchewan',2),(40,'Yukon',2),(41,'Baden-Württemberg',3),(42,'Bavaria',3),(43,'Berlin',3),(44,'Brandenburg',3),(45,'Bremen',3),(46,'Hamburg',3),(47,'Hesse',3),(48,'Lower Saxony',3),(49,'Mecklenburg-Vorpommern',3),(50,'North Rhine-Westphalia',3),(51,'Rhineland-Palatinate',3),(52,'Saarland',3),(53,'Saxony',3),(54,'Saxony-Anhalt',3),(55,'Schleswig-Holstein',3),(56,'Thuringia',3),(57,'Andhra Pradesh',4),(58,'Arunachal Pradesh',4),(59,'Assam',4),(60,'Bihar',4),(61,'Chhattisgarh',4),(62,'Goa',4),(63,'Gujarat',4),(64,'Haryana',4),(65,'Himachal Pradesh',4),(66,'Jammu & Kashmir',4),(67,'Jharkhand',4),(68,'Karnataka',4),(69,'Kerala',4),(70,'Madhya Pradesh',4),(71,'Maharashtra',4),(72,'Manipur',4),(73,'Meghalaya',4),(74,'Mizoram',4),(75,'Nagaland',4),(76,'Odisha',4),(77,'Punjab',4),(78,'Rajasthan',4),(79,'Sikkim',4),(80,'Tamil Nadu',4),(81,'Telangana',4),(82,'Tripura',4),(83,'Uttar Pradesh',4),(84,'Uttarakhand',4),(85,'West Bengal',4),(86,'Andaman and Nicobar Islands',4),(87,'Chandigarh',4),(88,'Dadra and Nagar Haveli',4),(89,'Daman & Diu',4),(90,'Lakshadweep',4),(91,'Puducherry',4),(92,'The Government of NCT of Delhi',4),(93,'Alabama',6),(94,'Alaska',6),(95,'Arizona',6),(96,'Arkansas',6),(97,'California',6),(98,'Colorado',6),(99,'Connecticut',6),(100,'Delaware',6),(101,'District Of Columbia',6),(102,'Florida',6),(103,'Georgia',6),(104,'Hawaii',6),(105,'Idaho',6),(106,'Illinois',6),(107,'Indiana',6),(108,'Iowa',6),(109,'Kansas',6),(110,'Kentucky',6),(111,'Louisiana',6),(112,'Maine',6),(113,'Maryland',6),(114,'Massachusetts',6),(115,'Michigan',6),(116,'Minnesota',6),(117,'Mississippi',6),(118,'Missouri',6),(119,'Montana',6),(120,'Nebraska',6),(121,'Nevada',6),(122,'New Hampshire',6),(123,'New Jersey',6),(124,'New Mexico',6),(125,'New York',6),(126,'North Carolina',6),(127,'North Dakota',6),(128,'Ohio',6),(129,'Oklahoma',6),(130,'Oregon',6),(131,'Pennsylvania',6),(132,'Rhode Island',6),(133,'South Carolina',6),(134,'South Dakota',6),(135,'Tennessee',6),(136,'Texas',6),(137,'Utah',6),(138,'Vermont',6),(139,'Virginia',6),(140,'Washington',6),(141,'West Virginia',6),(142,'Wisconsin',6),(143,'Wyoming',6),(144,'Adıyaman',5),(145,'Afyonkarahisar',5),(146,'Ağrı',5),(147,'Aksaray',5),(148,'Amasya',5),(149,'Ankara',5),(150,'Antalya',5),(151,'Ardahan',5),(152,'Artvin',5),(153,'Aydın',5),(154,'Balıkesir',5),(155,'Bartın',5),(156,'Batman',5),(157,'Bayburt',5),(158,'Bilecik',5),(159,'Bingöl',5),(160,'Bitlis',5),(161,'Bolu',5),(162,'Burdur',5),(163,'Bursa',5),(164,'Çanakkale',5),(165,'Çankırı',5),(166,'Çorum',5),(167,'Denizli',5),(168,'Diyarbakır',5),(169,'Düzce',5),(170,'Edirne',5),(171,'Elazığ',5),(172,'Erzincan',5),(173,'Erzurum',5),(174,'Eskişehir',5),(175,'Gaziantep',5),(176,'Giresun',5),(177,'Gümüşhane',5),(178,'Hakkâri',5),(179,'Hatay',5),(180,'Iğdır',5),(181,'Isparta',5),(182,'İstanbul',5),(183,'İzmir',5),(184,'Kahramanmaraş',5),(185,'Karabük',5),(186,'Karaman',5),(187,'Kars',5),(188,'Kastamonu',5),(189,'Kayseri',5),(190,'Kırıkkale',5),(191,'Kırklareli',5),(192,'Kırşehir',5),(193,'Kilis',5),(194,'Kocaeli',5),(195,'Konya',5),(196,'Kütahya',5),(197,'Malatya',5),(198,'Manisa',5),(199,'Mardin',5),(200,'Mersin',5),(201,'Muğla',5),(202,'Muş',5),(203,'Nevşehir',5),(204,'Niğde',5),(205,'Ordu',5),(206,'Osmaniye',5),(207,'Rize',5),(208,'Sakarya',5),(209,'Samsun',5),(210,'Siirt',5),(211,'Sinop',5),(212,'Sivas',5),(213,'Şanlıurfa',5),(214,'Şırnak',5),(215,'Tekirdağ',5),(216,'Tokat',5),(217,'Trabzon',5),(218,'Tunceli',5),(219,'Uşak',5),(220,'Van',5),(221,'Yalova',5),(222,'Yozgat',5),(223,'Zonguldak',5),(224,'Casablanca-Settat',7),(225,'Fès-Meknès',7),(226,'Rabat-Salé-Kénitra',7),(227,'Tanger-Tétouan-Al Hoceima',7),(228,'Marrakesh-Safi',7),(229,'Beni Mellal-Khénifra',7),(230,'Drâa-Tafilalet',7),(231,'Souss-Massa',7),(232,'Guelmim-Oued Noun',7),(233,'Laâyoune-Sakia El Hamra',7),(234,'Dakhla-Oued Ed-Dahab',7),(235,'Andalusia',8),(236,'Aragon',8),(237,'Asturias',8),(238,'Balearic Islands',8),(239,'Basque Country',8),(240,'Canary Islands',8),(241,'Cantabria',8),(242,'Castile and León',8),(243,'Castilla-La Mancha',8),(244,'Catalonia',8),(245,'Extremadura',8),(246,'Galicia',8),(247,'Madrid',8),(248,'Murcia',8),(249,'Navarre',8),(250,'Valencia',8),(251,'La Rioja',8),(252,'Hokkaido',9),(253,'Aomori',9),(254,'Iwate',9),(255,'Miyagi',9),(256,'Akita',9),(257,'Yamagata',9),(258,'Fukushima',9),(259,'Ibaraki',9),(260,'Tochigi',9),(261,'Gunma',9),(262,'Saitama',9),(263,'Chiba',9),(264,'Tokyo',9),(265,'Kanagawa',9),(266,'Niigata',9),(267,'Toyama',9),(268,'Ishikawa',9),(269,'Fukui',9),(270,'Yamanashi',9),(271,'Nagano',9),(272,'Gifu',9),(273,'Shizuoka',9),(274,'Aichi',9),(275,'Mie',9),(276,'Shiga',9),(277,'Kyoto',9),(278,'Osaka',9),(279,'Hyogo',9),(280,'Nara',9),(281,'Wakayama',9),(282,'Tottori',9),(283,'Shimane',9),(284,'Okayama',9),(285,'Hiroshima',9),(286,'Yamaguchi',9),(287,'Tokushima',9),(288,'Kagawa',9),(289,'Ehime',9),(290,'Kochi',9),(291,'Fukuoka',9),(292,'Saga',9),(293,'Nagasaki',9),(294,'Kumamoto',9),(295,'Oita',9),(296,'Miyazaki',9),(297,'Kagoshima',9),(298,'Okinawa',9),(299,'Auvergne-Rhône-Alpes',10),(300,'Bourgogne-Franche-Comté',10),(301,'Brittany',10),(302,'Centre-Val de Loire',10),(303,'Corsica',10),(304,'Grand Est',10),(305,'Hauts-de-France',10),(306,'Île-de-France',10),(307,'Normandy',10),(308,'Nouvelle-Aquitaine',10),(309,'Occitanie',10),(310,'Pays de la Loire',10),(311,'Provence-Alpes-Côte d\'Azur',10);
/*!40000 ALTER TABLE `state` ENABLE KEYS */;
UNLOCK TABLES;
/*!40103 SET TIME_ZONE=@OLD_TIME_ZONE */;

/*!40101 SET SQL_MODE=@OLD_SQL_MODE */;
/*!40014 SET FOREIGN_KEY_CHECKS=@OLD_FOREIGN_KEY_CHECKS */;
/*!40014 SET UNIQUE_CHECKS=@OLD_UNIQUE_CHECKS */;
/*!40101 SET CHARACTER_SET_CLIENT=@OLD_CHARACTER_SET_CLIENT */;
/*!40101 SET CHARACTER_SET_RESULTS=@OLD_CHARACTER_SET_RESULTS */;
/*!40101 SET COLLATION_CONNECTION=@OLD_COLLATION_CONNECTION */;
/*!40111 SET SQL_NOTES=@OLD_SQL_NOTES */;

-- Dump completed on 2024-09-17 20:22:49
